ONSConstID,bfb_Seat,bfb_Con,bfb_Lab,bfb_LibDem,bfb_Green,bfb_BXP,bfb_Plaid,bfb_Other,bfb_Reco
E14000530,Aldershot,0.396090535,0.166666667,0.192386831,0.076131687,0.143004115,NA,0.025720165,Lib Dem
E14000531,Aldridge-Brownhills,0.482191781,0.17260274,0.11369863,0.045205479,0.152054795,NA,0.034246575,Lab
E14000532,Altrincham and Sale West,0.373175183,0.216240876,0.253649635,0.059306569,0.074817518,NA,0.022810219,Lib Dem
E14000533,Amber Valley,0.459770115,0.231034483,0.113793103,0.03908046,0.127586207,NA,0.028735632,Lab
E14000534,Arundel and South Downs,0.420245399,0.112474438,0.237218814,0.076687117,0.127811861,NA,0.025562372,Lib Dem
E14000535,Ashfield,0.345714286,0.24,0.093333333,0.083809524,0.213333333,NA,0.023809524,Lab
E14000536,Ashford,0.447368421,0.173913044,0.159038902,0.066361556,0.124713959,NA,0.028604119,Lab
E14000537,Ashton-under-Lyne,0.287344398,0.385892116,0.107883817,0.048755187,0.144190871,NA,0.02593361,Lab
E14000538,Aylesbury,0.395252838,0.174406605,0.208462332,0.069143447,0.126934985,NA,0.025799794,Lib Dem
E14000539,Banbury,0.43908046,0.211494253,0.157471264,0.059770115,0.103448276,NA,0.028735632,Lab
E14000540,Barking,0.201612903,0.442396313,0.119815668,0.051843318,0.155529954,NA,0.028801843,Lab
E14000541,Barnsley Central,0.224508887,0.34424696,0.10383536,0.065481759,0.238540692,NA,0.023386342,Lab
E14000542,Barnsley East,0.222405272,0.308896211,0.098023064,0.073311367,0.276771005,NA,0.020593081,Lab
E14000543,Barrow and Furness,0.351970669,0.302474794,0.125572869,0.037580202,0.159486709,NA,0.022914757,Lab
E14000544,Basildon and Billericay,0.426773455,0.180778032,0.138443936,0.052631579,0.172768879,NA,0.028604119,Lab
E14000545,Basingstoke,0.389865564,0.194415719,0.221302999,0.066184074,0.10237849,NA,0.025853154,Lib Dem
E14000546,Bassetlaw,0.336095764,0.275322284,0.132596685,0.039594843,0.193370166,NA,0.023020258,Lab
E14000547,Bath,0.272519954,0.108323831,0.460661346,0.078677309,0.051311288,NA,0.028506271,Lib Dem
E14000548,Batley and Spen,0.300324675,0.328733766,0.104707792,0.07224026,0.173701299,NA,0.020292208,Lab
E14000549,Battersea,0.310040161,0.254618474,0.311646586,0.065863454,0.037751004,NA,0.020080321,Lab
E14000551,Beckenham,0.428571429,0.164571429,0.237714286,0.048,0.100571429,NA,0.020571429,Lib Dem
E14000552,Bedford,0.343978102,0.302919708,0.148722628,0.064781022,0.116788321,NA,0.022810219,Lab
E14000553,Bermondsey and Old Southwark,0.187845304,0.347145488,0.330570902,0.064456722,0.046961326,NA,0.023020258,LibLab
E14000554,Berwick-upon-Tweed,0.364963504,0.148722628,0.260948905,0.057481752,0.145072993,NA,0.022810219,Lib Dem
E14000555,Bethnal Green and Bow,0.165497896,0.496493689,0.166900421,0.064516129,0.071528752,NA,0.035063114,Lab
E14000556,Beverley and Holderness,0.428407789,0.184421535,0.172966781,0.058419244,0.127147766,NA,0.028636884,Lab
E14000557,Bexhill and Battle,0.461363636,0.134090909,0.185227273,0.067045455,0.123863636,NA,0.028409091,Lib Dem
E14000558,Bexleyheath and Crayford,0.417184265,0.201863354,0.1563147,0.050724638,0.148033126,NA,0.025879917,Lab
E14000559,Birkenhead,0.175102599,0.50752394,0.095759234,0.058823529,0.128590971,NA,0.034199726,Lab
E14000560,"Birmingham, Edgbaston",0.275388838,0.337602928,0.15736505,0.081427264,0.125343092,NA,0.022872827,Lab
E14000561,"Birmingham, Erdington",0.298336798,0.384615385,0.096673597,0.062370062,0.132016632,NA,0.025987526,Lab
E14000562,"Birmingham, Hall Green",0.150891632,0.540466392,0.152263375,0.063100137,0.058984911,NA,0.034293553,Lab
E14000563,"Birmingham, Hodge Hill",0.150492264,0.565400844,0.073136428,0.05907173,0.11673699,NA,0.035161744,Lab
E14000564,"Birmingham, Ladywood",0.138964578,0.549046322,0.134877384,0.069482289,0.073569482,NA,0.034059946,Lab
E14000565,"Birmingham, Northfield",0.291628335,0.356945722,0.09475621,0.061637535,0.172033119,NA,0.02299908,Lab
E14000566,"Birmingham, Perry Barr",0.247410817,0.453394707,0.113924051,0.057537399,0.098964327,NA,0.0287687,Lab
E14000567,"Birmingham, Selly Oak",0.271794872,0.408205128,0.136410256,0.075897436,0.082051282,NA,0.025641026,Lab
E14000568,"Birmingham, Yardley",0.215176715,0.387733888,0.155925156,0.056133056,0.159043659,NA,0.025987526,Lab
E14000569,Bishop Auckland,0.353917051,0.280184332,0.139170507,0.041474654,0.162211982,NA,0.023041475,Lab
E14000570,Blackburn,0.247990815,0.458094145,0.104477612,0.045924225,0.114810563,NA,0.028702641,Lab
E14000571,Blackley and Broughton,0.209195402,0.464367816,0.11954023,0.055172414,0.122988506,NA,0.028735632,Lab
E14000572,Blackpool North and Cleveleys,0.360219982,0.271310724,0.109074244,0.056828598,0.179651696,NA,0.022914757,Lab
E14000573,Blackpool South,0.308539945,0.334251607,0.093663912,0.045913682,0.194674013,NA,0.022956841,Lab
E14000574,Blaydon,0.223472669,0.298231511,0.183279743,0.073954984,0.20096463,NA,0.020096463,Lab
E14000575,Blyth Valley,0.318327974,0.317524116,0.132636656,0.054662379,0.156752412,NA,0.020096463,Lab
E14000576,Bognor Regis and Littlehampton,0.417445483,0.151609554,0.167185878,0.063343718,0.174454829,NA,0.02596054,Lib Dem
E14000577,Bolsover,0.344413666,0.283471838,0.104339797,0.041551247,0.203139428,NA,0.023084026,Lab
E14000578,Bolton North East,0.343721357,0.315307058,0.133822182,0.043996334,0.140238314,NA,0.022914757,Lab
E14000579,Bolton South East,0.250517598,0.407867495,0.090062112,0.056935818,0.16873706,NA,0.025879917,Lab
E14000580,Bolton West,0.369385885,0.292392301,0.144821265,0.043996334,0.126489459,NA,0.022914757,Lab
E14000581,Bootle,0.131687243,0.55829904,0.091906722,0.054869685,0.128943759,NA,0.034293553,Lab
E14000582,Boston and Skegness,0.487569061,0.136740332,0.114640884,0.045580111,0.180939227,NA,0.034530387,Lab
E14000583,Bosworth,0.448118586,0.144811859,0.204104903,0.052451539,0.122006842,NA,0.028506271,Lib Dem
E14000584,Bournemouth East,0.392746114,0.207253886,0.189637306,0.07253886,0.111917098,NA,0.025906736,Lab
E14000585,Bournemouth West,0.365313653,0.21402214,0.164206642,0.07195572,0.161439114,NA,0.023062731,Lab
E14000586,Bracknell,0.425799087,0.170091324,0.194063927,0.054794521,0.126712329,NA,0.028538813,Lib Dem
E14000587,Bradford East,0.211583924,0.457446809,0.094562648,0.055555556,0.151300236,NA,0.029550827,Lab
E14000588,Bradford South,0.337650324,0.325624422,0.093432007,0.046253469,0.173913044,NA,0.023126735,Lab
E14000589,Bradford West,0.182359952,0.449344458,0.133492253,0.070321812,0.134684148,NA,0.029797378,Lab
E14000590,Braintree,0.479564033,0.156675749,0.141689373,0.053133515,0.134877384,NA,0.034059946,Lab
E14000591,Brent Central,0.173024523,0.479564033,0.171662125,0.054495913,0.08719346,NA,0.034059946,Lab
E14000592,Brent North,0.29025641,0.377435897,0.167179487,0.057435897,0.082051282,NA,0.025641026,Lab
E14000593,Brentford and Isleworth,0.308553158,0.32853717,0.208633094,0.04636291,0.087929656,NA,0.019984013,Lab
E14000594,Brentwood and Ongar,0.41315519,0.119218911,0.190133607,0.070914697,0.180883864,NA,0.025693731,Lib Dem
E14000595,Bridgwater and West Somerset,0.449258837,0.158494869,0.184720639,0.043329533,0.135689852,NA,0.028506271,Lib Dem
E14000596,Brigg and Goole,0.420889349,0.202688728,0.123061013,0.044467425,0.183040331,NA,0.025853154,Lab
E14000597,"Brighton, Kemptown",0.282984531,0.343949045,0.162875341,0.078252957,0.109190173,NA,0.022747953,Lab
E14000598,"Brighton, Pavilion",0.158730159,0.189342404,0.096371882,0.464852608,0.062358277,NA,0.028344671,Green
E14000599,Bristol East,0.28440367,0.369724771,0.177981651,0.067889908,0.07706422,NA,0.02293578,Lab
E14000600,Bristol North West,0.305666401,0.255387071,0.259377494,0.064644852,0.094972067,NA,0.019952115,Lab
E14000601,Bristol South,0.258986175,0.348387097,0.1640553,0.092165899,0.113364055,NA,0.023041475,Lab
E14000602,Bristol West,0.155109489,0.375912409,0.233576642,0.173357664,0.039233577,NA,0.022810219,Lab
E14000603,Broadland,0.431171786,0.160409556,0.216154721,0.053469852,0.110352674,NA,0.028441411,Lib Dem
E14000604,Bromley and Chislehurst,0.420512821,0.192820513,0.18974359,0.053333333,0.117948718,NA,0.025641026,Lab
E14000605,Bromsgrove,0.451136364,0.165909091,0.193181818,0.060227273,0.101136364,NA,0.028409091,Lib Dem
E14000606,Broxbourne,0.448512586,0.172768879,0.137299771,0.04805492,0.164759725,NA,0.028604119,Lab
E14000608,Buckingham,0.487465181,0.029247911,0.160167131,0.14902507,0.139275766,NA,0.034818942,Green
E14000609,Burnley,0.323529412,0.287581699,0.155228758,0.043300654,0.169934641,NA,0.020424837,Lab
E14000610,Burton,0.462857143,0.214857143,0.114285714,0.054857143,0.124571429,NA,0.028571429,Lab
E14000611,Bury North,0.344890511,0.327554745,0.126824818,0.057481752,0.120437956,NA,0.022810219,Lab
E14000612,Bury South,0.347349177,0.297074954,0.170018282,0.047531993,0.115173675,NA,0.02285192,Lab
E14000613,Bury St Edmunds,0.397540984,0.143442623,0.214139344,0.089139344,0.130122951,NA,0.025614754,Lib Dem
E14000614,Calder Valley,0.381592554,0.263702172,0.146845915,0.058945191,0.123061013,NA,0.025853154,Lab
E14000615,Camberwell and Peckham,0.154462243,0.465675057,0.223112128,0.068649886,0.059496568,NA,0.028604119,Lab
E14000616,Camborne and Redruth,0.344292237,0.247488585,0.189041096,0.04109589,0.155251142,NA,0.02283105,Lab
E14000617,Cambridge,0.157084189,0.299794661,0.383983573,0.073921971,0.059548255,NA,0.025667351,LibLab
E14000618,Cannock Chase,0.443807339,0.209862385,0.106651376,0.059633028,0.151376147,NA,0.028669725,Lab
E14000619,Canterbury,0.316626889,0.257756563,0.215592681,0.085123309,0.105011933,NA,0.019888624,Lab
E14000620,Carlisle,0.388659794,0.273195876,0.127835052,0.041237113,0.143298969,NA,0.025773196,Lab
E14000621,Carshalton and Wallington,0.316513762,0.117431193,0.377981651,0.049541284,0.11559633,NA,0.02293578,Lib Dem
E14000622,Castle Point,0.4,0.120618557,0.139175258,0.056701031,0.257731959,NA,0.025773196,Lib Dem
E14000623,Central Devon,0.417355372,0.155991736,0.231404959,0.05785124,0.111570248,NA,0.025826446,Lib Dem
E14000624,Central Suffolk and North Ipswich,0.405737705,0.154713115,0.220286885,0.06045082,0.133196721,NA,0.025614754,Lib Dem
E14000625,Charnwood,0.449026346,0.161512028,0.161512028,0.064146621,0.135166094,NA,0.028636884,Lab
E14000626,Chatham and Aylesford,0.397330596,0.196098563,0.116016427,0.069815195,0.195071869,NA,0.025667351,Lab
E14000627,Cheadle,0.361643836,0.124200913,0.353424658,0.068493151,0.069406393,NA,0.02283105,Lib Dem
E14000628,Chelmsford,0.365384615,0.149267399,0.28021978,0.06959707,0.112637363,NA,0.022893773,Lib Dem
E14000629,Chelsea and Fulham,0.378551787,0.175068744,0.302474794,0.062328139,0.058661778,NA,0.022914757,Lib Dem
E14000630,Cheltenham,0.365602472,0.08753862,0.401647786,0.051493306,0.067971164,NA,0.025746653,Lib Dem
E14000631,Chesham and Amersham,0.406345957,0.102354145,0.307062436,0.065506653,0.093142272,NA,0.025588536,Lib Dem
E14000632,Chesterfield,0.262903226,0.312903226,0.148387097,0.075,0.180645161,NA,0.02016129,Lab
E14000633,Chichester,0.425968109,0.117312073,0.222095672,0.096810934,0.109339408,NA,0.028473804,Lib Dem
E14000634,Chingford and Woodford Green,0.374199451,0.260750229,0.197621226,0.046660567,0.0978957,NA,0.022872827,Lab
E14000635,Chippenham,0.424829157,0.120728929,0.292710706,0.037585421,0.095671982,NA,0.028473804,Lib Dem
E14000636,Chipping Barnet,0.33151184,0.267759563,0.249544627,0.050091075,0.078324226,NA,0.02276867,Lab
E14000637,Chorley,0.322709163,0.306772908,0.105179283,0.089243028,0.156175299,NA,0.019920319,Lab
E14000638,Christchurch,0.463636364,0.101136364,0.235227273,0.048863636,0.122727273,NA,0.028409091,Lib Dem
E14000639,Cities of London and Westminster,0.358386801,0.222731439,0.270394134,0.076993584,0.048579285,NA,0.022914757,Lib Dem
E14000640,City of Chester,0.332120109,0.353958144,0.162875341,0.041856233,0.08644222,NA,0.022747953,Lab
E14000641,City of Durham,0.255985267,0.354511971,0.20626151,0.054327808,0.105893186,NA,0.023020258,Lab
E14000642,Clacton,0.407676349,0.139004149,0.126556017,0.064315353,0.236514523,NA,0.02593361,Lab
E14000643,Cleethorpes,0.410176532,0.190031153,0.134994808,0.056074766,0.182762202,NA,0.02596054,Lab
E14000644,Colchester,0.344007319,0.211344922,0.233302836,0.072278134,0.116193962,NA,0.022872827,Lib Dem
E14000645,Colne Valley,0.334246575,0.274885845,0.189041096,0.054794521,0.124200913,NA,0.02283105,Lab
E14000646,Congleton,0.423863636,0.190909091,0.182954546,0.052272727,0.121590909,NA,0.028409091,Lab
E14000647,Copeland,0.358974359,0.268315018,0.142857143,0.053113553,0.153846154,NA,0.022893773,Lab
E14000648,Corby,0.382626681,0.254395036,0.147880041,0.049638056,0.139607032,NA,0.025853154,Lab
E14000649,Coventry North East,0.258098224,0.398119122,0.104493208,0.073145246,0.140020899,NA,0.026123302,Lab
E14000650,Coventry North West,0.301380991,0.317627945,0.125913891,0.073923639,0.160844842,NA,0.020308692,Lab
E14000651,Coventry South,0.307834101,0.341935484,0.13640553,0.08202765,0.10875576,NA,0.023041475,Lab
E14000652,Crawley,0.323175622,0.24137931,0.209302326,0.046511628,0.159582999,NA,0.020048115,Lab
E14000653,Crewe and Nantwich,0.384140062,0.28115345,0.105046344,0.051493306,0.152420185,NA,0.025746653,Lab
E14000654,Croydon Central,0.337294333,0.309872029,0.146252285,0.063071298,0.120658135,NA,0.02285192,Lab
E14000655,Croydon North,0.203196347,0.46803653,0.156392694,0.061643836,0.082191781,NA,0.028538813,Lab
E14000656,Croydon South,0.42662116,0.189988623,0.201365188,0.075085324,0.078498294,NA,0.028441411,Lib Dem
E14000657,Dagenham and Rainham,0.325262308,0.328490718,0.085552865,0.043583535,0.196933011,NA,0.020177563,Lab
E14000658,Darlington,0.341284404,0.344954128,0.097247706,0.044036697,0.149541284,NA,0.02293578,Lab
E14000659,Dartford,0.403905447,0.184994861,0.16032888,0.055498458,0.169578623,NA,0.025693731,Lab
E14000660,Daventry,0.479564033,0.130790191,0.171662125,0.055858311,0.128065395,NA,0.034059946,Lib Dem
E14000661,Denton and Reddish,0.269694161,0.377201112,0.119555144,0.057460612,0.15291937,NA,0.023169601,Lab
E14000662,Derby North,0.349541284,0.272477064,0.166972477,0.046788991,0.141284404,NA,0.02293578,Lab
E14000663,Derby South,0.276437848,0.36270872,0.097402597,0.059369202,0.180890538,NA,0.023191095,Lab
E14000664,Derbyshire Dales,0.45,0.167045455,0.201136364,0.056818182,0.096590909,NA,0.028409091,Lib Dem
E14000665,Devizes,0.448747153,0.133257403,0.199316629,0.062642369,0.127562642,NA,0.028473804,Lib Dem
E14000666,Dewsbury,0.36271809,0.287419651,0.136822773,0.060606061,0.129476584,NA,0.022956841,Lab
E14000667,Don Valley,0.316045381,0.282820097,0.128849271,0.047001621,0.205024311,NA,0.020259319,Lib Dem
E14000668,Doncaster Central,0.29228243,0.330870279,0.102627258,0.052545156,0.201149425,NA,0.020525452,Lab
E14000669,Doncaster North,0.235018727,0.362359551,0.088951311,0.052434457,0.237827715,NA,0.02340824,Lab
E14000670,Dover,0.362637363,0.224358974,0.148351648,0.067765568,0.173992674,NA,0.022893773,Lab
E14000671,Dudley North,0.361860465,0.293023256,0.077209302,0.048372093,0.19627907,NA,0.023255814,Lab
E14000672,Dudley South,0.448791715,0.214039125,0.104718067,0.041426928,0.162255466,NA,0.0287687,Lab
E14000673,Dulwich and West Norwood,0.174406605,0.423116615,0.26625387,0.063983488,0.046439628,NA,0.025799794,Lab
E14000674,Ealing Central and Acton,0.30296827,0.386898669,0.19037871,0.044012283,0.050153531,NA,0.025588536,Lab
E14000675,Ealing North,0.260824742,0.398969072,0.16185567,0.06185567,0.090721649,NA,0.025773196,Lab
E14000676,"Ealing, Southall",0.217391304,0.43020595,0.16819222,0.067505721,0.088100687,NA,0.028604119,Lab
E14000677,Easington,0.22,0.395789474,0.102105263,0.045263158,0.210526316,NA,0.026315789,Lab
E14000679,East Ham,0.146776406,0.530864198,0.112482853,0.063100137,0.112482853,NA,0.034293553,Lab
E14000680,East Hampshire,0.456818182,0.1,0.232954546,0.077272727,0.104545455,NA,0.028409091,Lib Dem
E14000681,East Surrey,0.435280642,0.113402062,0.210767469,0.067583047,0.144329897,NA,0.028636884,Lib Dem
E14000682,East Worthing and Shoreham,0.382716049,0.233539095,0.1718107,0.057613169,0.128600823,NA,0.025720165,Lab
E14000683,East Yorkshire,0.409937888,0.169772257,0.17184265,0.062111801,0.160455487,NA,0.025879917,Lib Dem
E14000685,Eastleigh,0.379239466,0.115107914,0.30626927,0.05344296,0.12024666,NA,0.025693731,Lib Dem
E14000687,Edmonton,0.196990424,0.476060192,0.142270862,0.049247606,0.10123119,NA,0.034199726,Lab
E14000688,Ellesmere Port and Neston,0.302559415,0.368372943,0.108775137,0.053016453,0.144424132,NA,0.02285192,Lab
E14000689,Elmet and Rothwell,0.398348813,0.185758514,0.199174407,0.058823529,0.132094943,NA,0.025799794,Lib Dem
E14000690,Eltham,0.318108974,0.309294872,0.167467949,0.055288462,0.129807692,NA,0.020032051,Lab
E14000691,Enfield North,0.299897646,0.411463664,0.103377687,0.042988741,0.116683726,NA,0.025588536,Lab
E14000692,"Enfield, Southgate",0.321115538,0.296414343,0.207968128,0.074103586,0.080478088,NA,0.019920319,Lab
E14000693,Epping Forest,0.44977169,0.168949772,0.155251142,0.0456621,0.151826484,NA,0.028538813,Lab
E14000694,Epsom and Ewell,0.431972789,0.136054422,0.240362812,0.069160998,0.094104308,NA,0.028344671,Lib Dem
E14000695,Erewash,0.39089969,0.268872803,0.10237849,0.055842813,0.156153051,NA,0.025853154,Lab
E14000696,Erith and Thamesmead,0.288479263,0.362211982,0.118894009,0.044239631,0.163133641,NA,0.023041475,Lab
E14000697,Esher and Walton,0.37704918,0.093237705,0.346311475,0.052254098,0.105532787,NA,0.025614754,Lib Dem
E14000698,Exeter,0.2688,0.3304,0.2104,0.0728,0.0976,NA,0.02,Lab
E14000699,Fareham,0.455681818,0.127272727,0.209090909,0.055681818,0.123863636,NA,0.028409091,Lib Dem
E14000700,Faversham and Mid Kent,0.425968109,0.149202734,0.186788155,0.078587699,0.130979499,NA,0.028473804,Lib Dem
E14000701,Feltham and Heston,0.25847846,0.360219982,0.148487626,0.051329056,0.158570119,NA,0.022914757,Lab
E14000702,Filton and Bradley Stoke,0.373968836,0.211732356,0.230980752,0.06324473,0.09715857,NA,0.022914757,Lib Dem
E14000703,Finchley and Golders Green,0.36040146,0.250912409,0.261861314,0.053832117,0.050182482,NA,0.022810219,Lib Dem
E14000704,Folkestone and Hythe,0.392783505,0.162886598,0.169072165,0.07628866,0.173195876,NA,0.025773196,Lib Dem
E14000705,Forest of Dean,0.403707518,0.211122554,0.154479918,0.065911432,0.139031926,NA,0.025746653,Lab
E14000706,Fylde,0.404713115,0.193647541,0.167008197,0.054303279,0.154713115,NA,0.025614754,Lab
E14000707,Gainsborough,0.457240593,0.169897377,0.155074116,0.059293044,0.129988598,NA,0.028506271,Lab
E14000708,Garston and Halewood,0.160982265,0.51159618,0.130968622,0.04638472,0.115961801,NA,0.034106412,Lab
E14000709,Gateshead,0.225,0.4125,0.120833333,0.06875,0.146875,NA,0.026041667,Lab
E14000710,Gedling,0.359303391,0.285976169,0.163153071,0.054078827,0.114573786,NA,0.022914757,Lab
E14000711,Gillingham and Rainham,0.391124871,0.188854489,0.142414861,0.059855521,0.191950464,NA,0.025799794,Lab
E14000712,Gloucester,0.373616236,0.247232472,0.159594096,0.068265683,0.128228782,NA,0.023062731,Lab
E14000713,Gosport,0.46347032,0.156392694,0.127853881,0.058219178,0.165525114,NA,0.028538813,Lab
E14000714,Grantham and Stamford,0.453917051,0.149769585,0.152073733,0.046082949,0.169354839,NA,0.028801843,Lib Dem
E14000715,Gravesham,0.422520661,0.223140496,0.121900826,0.05268595,0.15392562,NA,0.025826446,Lab
E14000716,Great Grimsby,0.295993459,0.303352412,0.096484056,0.03843009,0.245298446,NA,0.020441537,Lab
E14000717,Great Yarmouth,0.399380805,0.21878225,0.107327141,0.059855521,0.188854489,NA,0.025799794,Lab
E14000718,Greenwich and Woolwich,0.24,0.414358974,0.188717949,0.073846154,0.057435897,NA,0.025641026,Lab
E14000719,Guildford,0.386270492,0.107581967,0.342213115,0.06454918,0.073770492,NA,0.025614754,Lib Dem
E14000720,Hackney North and Stoke Newington,0.139534884,0.476060192,0.220246238,0.0875513,0.042407661,NA,0.034199726,Lab
E14000721,Hackney South and Shoreditch,0.136986301,0.552054795,0.171232877,0.067123288,0.038356164,NA,0.034246575,Lab
E14000722,Halesowen and Rowley Regis,0.427234927,0.246361746,0.094594595,0.04989605,0.155925156,NA,0.025987526,Lab
E14000723,Halifax,0.322550832,0.346580407,0.117375231,0.038817006,0.151571165,NA,0.02310536,Lab
E14000724,Haltemprice and Howden,0.455377574,0.149885584,0.196796339,0.054919908,0.114416476,NA,0.028604119,Lib Dem
E14000725,Halton,0.198394495,0.457568807,0.105504587,0.043577982,0.166284404,NA,0.028669725,Lab
E14000726,Hammersmith,0.254562044,0.376824818,0.215328467,0.072992701,0.057481752,NA,0.022810219,Lab
E14000727,Hampstead and Kilburn,0.233576642,0.284671533,0.337591241,0.071167883,0.050182482,NA,0.022810219,Lab
E14000728,Harborough,0.387860082,0.161522634,0.218106996,0.08436214,0.122427984,NA,0.025720165,Lib Dem
E14000729,Harlow,0.431687715,0.245694604,0.098737084,0.053960964,0.141216992,NA,0.028702641,Lab
E14000730,Harrogate and Knaresborough,0.405737705,0.111680328,0.308401639,0.054303279,0.094262295,NA,0.025614754,Lib Dem
E14000731,Harrow East,0.37704918,0.290983607,0.150614754,0.055327869,0.100409836,NA,0.025614754,Lab
E14000732,Harrow West,0.289881495,0.371011851,0.169553327,0.056517776,0.090246126,NA,0.022789426,Lab
E14000733,Hartlepool,0.2526574,0.322976288,0.092395748,0.05478332,0.256745707,NA,0.020441537,Lab
E14000734,Harwich and North Essex,0.424829157,0.170842825,0.153758542,0.059225513,0.16287016,NA,0.028473804,Lab
E14000735,Hastings and Rye,0.351648352,0.277472528,0.151098901,0.062271062,0.134615385,NA,0.022893773,Lab
E14000736,Havant,0.455069124,0.149769585,0.152073733,0.061059908,0.153225807,NA,0.028801843,Lib Dem
E14000737,Hayes and Harlington,0.274691358,0.380658436,0.133744856,0.055555556,0.12962963,NA,0.025720165,Lab
E14000738,Hazel Grove,0.359232176,0.137111517,0.320840951,0.042047532,0.117915905,NA,0.02285192,Lib Dem
E14000739,Hemel Hempstead,0.384773663,0.197530864,0.201646091,0.062757202,0.127572017,NA,0.025720165,Lib Dem
E14000740,Hemsworth,0.282343369,0.311635476,0.130187144,0.056143206,0.199349064,NA,0.020341741,Lab
E14000741,Hendon,0.343065693,0.236313869,0.268248175,0.046532847,0.083029197,NA,0.022810219,Lib Dem
E14000742,Henley,0.445578231,0.105442177,0.265306122,0.075963719,0.079365079,NA,0.028344671,Lib Dem
E14000743,Hereford and South Herefordshire,0.400208986,0.137931035,0.137931035,0.112852665,0.184952978,NA,0.026123302,Lib Dem
E14000744,Hertford and Stortford,0.423863636,0.161363636,0.195454546,0.084090909,0.106818182,NA,0.028409091,Lib Dem
E14000745,Hertsmere,0.447727273,0.164772727,0.189772727,0.0625,0.106818182,NA,0.028409091,Lib Dem
E14000746,Hexham,0.438138479,0.192962543,0.19523269,0.059023837,0.086265607,NA,0.028376844,Lib Dem
E14000747,Heywood and Middleton,0.335483871,0.335483871,0.113364055,0.037788018,0.15483871,NA,0.023041475,Lab
E14000748,High Peak,0.339090909,0.275454546,0.198181818,0.047272727,0.117272727,NA,0.022727273,Lab
E14000749,Hitchin and Harpenden,0.332725615,0.161349134,0.309024613,0.069279854,0.104831358,NA,0.022789426,Lib Dem
E14000750,Holborn and St Pancras,0.182025028,0.439135381,0.217292378,0.081911263,0.051194539,NA,0.028441411,Lab
E14000751,Hornchurch and Upminster,0.422957601,0.180972079,0.119958635,0.051706308,0.198552223,NA,0.025853154,Lab
E14000752,Hornsey and Wood Green,0.164220184,0.375229358,0.316513762,0.064220183,0.056880734,NA,0.02293578,Lab
E14000753,Horsham,0.448747153,0.121867882,0.234624146,0.067198178,0.099088838,NA,0.028473804,Lib Dem
E14000754,Houghton and Sunderland South,0.266233766,0.351576994,0.121521336,0.051948052,0.185528757,NA,0.023191095,Lab
E14000755,Hove,0.267144319,0.392016377,0.174002047,0.07778915,0.06345957,NA,0.025588536,Lab
E14000756,Huddersfield,0.290491118,0.386624869,0.113897597,0.072100313,0.1107628,NA,0.026123302,Lab
E14000757,Huntingdon,0.432494279,0.175057208,0.204805492,0.054919908,0.104118993,NA,0.028604119,Lib Dem
E14000758,Hyndburn,0.335180055,0.347183749,0.087719298,0.038781163,0.168051708,NA,0.023084026,Lab
E14000759,Ilford North,0.33120438,0.36770073,0.134124088,0.035583942,0.108576642,NA,0.022810219,Lab
E14000760,Ilford South,0.195088677,0.491132333,0.139154161,0.054570259,0.085948158,NA,0.034106412,Lab
E14000761,Ipswich,0.344352617,0.280991736,0.12855831,0.075298439,0.147842057,NA,0.022956841,Lab
E14000762,Isle of Wight,0.341620626,0.138121547,0.172191529,0.137200737,0.187845304,NA,0.023020258,Green
E14000763,Islington North,0.161327231,0.429061785,0.235697941,0.112128147,0.033180778,NA,0.028604119,Lab
E14000764,Islington South and Finsbury,0.209494324,0.386996904,0.264189887,0.06501548,0.048503612,NA,0.025799794,Lab
E14000765,Jarrow,0.246632124,0.38238342,0.131606218,0.056994819,0.156476684,NA,0.025906736,Lab
E14000766,Keighley,0.321543408,0.286173633,0.143086817,0.057877814,0.171221865,NA,0.020096463,Lab
E14000767,Kenilworth and Southam,0.433598184,0.12599319,0.245175936,0.071509648,0.095346198,NA,0.028376844,Lib Dem
E14000768,Kensington,0.311146752,0.227746592,0.296712109,0.066559743,0.077786688,NA,0.020048115,Lib Dem
E14000769,Kettering,0.42002064,0.19504644,0.157894737,0.062951496,0.138286894,NA,0.025799794,Lab
E14000770,Kingston and Surbiton,0.320696721,0.098360656,0.417008197,0.06147541,0.076844262,NA,0.025614754,Lib Dem
E14000771,Kingston upon Hull East,0.24742268,0.370196814,0.092783505,0.044048735,0.222118088,NA,0.023430178,Lab
E14000772,Kingston upon Hull North,0.236897275,0.385744235,0.147798742,0.054507338,0.14884696,NA,0.026205451,Lab
E14000773,Kingston upon Hull West and Hessle,0.240986717,0.356736243,0.111954459,0.058823529,0.207779886,NA,0.023719165,Lab
E14000774,Kingswood,0.395061728,0.223251029,0.175925926,0.057613169,0.122427984,NA,0.025720165,Lab
E14000775,Knowsley,0.119808307,0.584664537,0.094249201,0.046325879,0.115015974,NA,0.039936102,Lab
E14000776,Lancaster and Fleetwood,0.330601093,0.316939891,0.12295082,0.091985428,0.114754098,NA,0.02276867,Lab
E14000777,Leeds Central,0.210586882,0.444188723,0.130034522,0.065592635,0.120828539,NA,0.0287687,Lab
E14000778,Leeds East,0.269791667,0.404166667,0.101041667,0.052083333,0.146875,NA,0.026041667,Lab
E14000779,Leeds North East,0.263494968,0.37694419,0.205855444,0.054894785,0.075937786,NA,0.022872827,Lab
E14000780,Leeds North West,0.191598361,0.240778689,0.388319672,0.080942623,0.072745902,NA,0.025614754,LibLab
E14000781,Leeds West,0.230769231,0.363299351,0.136237257,0.080630213,0.165894347,NA,0.023169601,Lab
E14000783,Leicester South,0.227086183,0.474692203,0.112175103,0.077975376,0.073871409,NA,0.034199726,Lab
E14000784,Leicester West,0.230366492,0.407329843,0.112041885,0.065968586,0.158115183,NA,0.02617801,Lab
E14000785,Leigh,0.263327948,0.329563813,0.115508885,0.046042003,0.22536349,NA,0.020193861,Lab
E14000786,Lewes,0.364380757,0.076765609,0.387922211,0.046059365,0.099283521,NA,0.025588536,Lib Dem
E14000787,Lewisham East,0.202479339,0.399793388,0.241735537,0.05785124,0.07231405,NA,0.025826446,Lab
E14000788,Lewisham West and Penge,0.18956044,0.351648352,0.249084249,0.101648352,0.085164835,NA,0.022893773,Lab
E14000789,"Lewisham, Deptford",0.14500684,0.503419973,0.209302326,0.062927497,0.045143639,NA,0.034199726,Lab
E14000790,Leyton and Wanstead,0.20431328,0.426787741,0.198637912,0.069239501,0.072644722,NA,0.028376844,Lab
E14000791,Lichfield,0.482336957,0.152173913,0.188858696,0.054347826,0.088315217,NA,0.033967391,Lib Dem
E14000792,Lincoln,0.334254144,0.298342541,0.128913444,0.064456722,0.151012891,NA,0.023020258,Lab
E14000793,"Liverpool, Riverside",0.091772152,0.57278481,0.137658228,0.079113924,0.079113924,NA,0.039556962,Lab
E14000794,"Liverpool, Walton",0.102728732,0.58105939,0.107544141,0.052969502,0.115569823,NA,0.040128411,Lab
E14000795,"Liverpool, Wavertree",0.143638851,0.532147743,0.164158687,0.056087551,0.069767442,NA,0.034199726,Lab
E14000796,"Liverpool, West Derby",0.144244105,0.571428571,0.094313454,0.052704577,0.102635229,NA,0.034674064,Lab
E14000797,Loughborough,0.394845361,0.239175258,0.184536083,0.058762887,0.096907216,NA,0.025773196,Lab
E14000798,Louth and Horncastle,0.493150685,0.146575343,0.134246575,0.049315068,0.142465753,NA,0.034246575,Lab
E14000799,Ludlow,0.426787741,0.112372304,0.234960272,0.063564132,0.133938706,NA,0.028376844,Lib Dem
E14000800,Luton North,0.253608247,0.416494845,0.124742268,0.04742268,0.131958763,NA,0.025773196,Lab
E14000801,Luton South,0.279411765,0.367647059,0.145220588,0.063419118,0.121323529,NA,0.022977941,Lab
E14000802,Macclesfield,0.380804954,0.202270382,0.226006192,0.057791538,0.107327141,NA,0.025799794,Lib Dem
E14000803,Maidenhead,0.461363636,0.115909091,0.238636364,0.067045455,0.088636364,NA,0.028409091,Lib Dem
E14000804,Maidstone and The Weald,0.395277207,0.125256674,0.237166324,0.066735113,0.149897331,NA,0.025667351,Lib Dem
E14000805,Makerfield,0.298130841,0.343925234,0.114018692,0.063551402,0.157009346,NA,0.023364486,Lab
E14000806,Maldon,0.472063854,0.122006842,0.15963512,0.052451539,0.165336374,NA,0.028506271,Lib Dem
E14000807,Manchester Central,0.144808743,0.49726776,0.146174863,0.105191257,0.072404372,NA,0.034153005,Lab
E14000808,"Manchester, Gorton",0.108484006,0.493741307,0.171070932,0.098748261,0.093184979,NA,0.034770515,Lab
E14000809,"Manchester, Withington",0.133470226,0.421971253,0.289527721,0.078028747,0.051334702,NA,0.025667351,Lab
E14000810,Mansfield,0.410602911,0.24948025,0.097713098,0.06029106,0.155925156,NA,0.025987526,Lab
E14000811,Meon Valley,0.468785471,0.096481271,0.230419977,0.064699205,0.11123723,NA,0.028376844,Lib Dem
E14000812,Meriden,0.476060192,0.161422709,0.140902873,0.069767442,0.117647059,NA,0.034199726,Lab
E14000813,Mid Bedfordshire,0.395277207,0.146817249,0.233059548,0.058521561,0.140657084,NA,0.025667351,Lib Dem
E14000814,Mid Derbyshire,0.429874572,0.1995439,0.174458381,0.051311288,0.116305587,NA,0.028506271,Lab
E14000815,Mid Dorset and North Poole,0.459704881,0.078320091,0.276958002,0.035187287,0.121452894,NA,0.028376844,Lib Dem
E14000816,Mid Norfolk,0.402263375,0.152263375,0.21090535,0.072016461,0.136831276,NA,0.025720165,Lib Dem
E14000817,Mid Sussex,0.389516958,0.132579651,0.288797533,0.063720452,0.099691675,NA,0.025693731,Lib Dem
E14000818,Mid Worcestershire,0.469178082,0.138127854,0.163242009,0.058219178,0.142694064,NA,0.028538813,Lib Dem
E14000819,Middlesbrough,0.251724138,0.450574713,0.067816092,0.049425287,0.151724138,NA,0.028735632,Lab
E14000820,Middlesbrough South and East Cleveland,0.356751825,0.27919708,0.130474453,0.064781022,0.145985402,NA,0.022810219,Lab
E14000821,Milton Keynes North,0.353747715,0.273308958,0.182815357,0.058500914,0.108775137,NA,0.02285192,Lab
E14000822,Milton Keynes South,0.340347667,0.264409881,0.191216834,0.052150046,0.129002745,NA,0.022872827,Lab
E14000823,Mitcham and Morden,0.216855087,0.388489209,0.209660843,0.046248715,0.113052415,NA,0.025693731,Lab
E14000824,Mole Valley,0.455479452,0.085616438,0.276255708,0.057077626,0.105022831,NA,0.020547945,Lib Dem
E14000825,Morecambe and Lunesdale,0.363553114,0.260989011,0.152930403,0.053113553,0.146520147,NA,0.022893773,Lab
E14000826,Morley and Outwood,0.378990731,0.261585994,0.159629248,0.045314109,0.128733265,NA,0.025746653,Lab
E14000827,New Forest East,0.480325645,0.108548168,0.21302578,0.062415197,0.101763908,NA,0.033921303,Lib Dem
E14000828,New Forest West,0.469387755,0.107482993,0.214965986,0.054421769,0.119727891,NA,0.034013605,Lib Dem
E14000829,Newark,0.430523918,0.15261959,0.21070615,0.04214123,0.135535308,NA,0.028473804,Lib Dem
E14000830,Newbury,0.443052392,0.089977221,0.285876993,0.064920273,0.087699317,NA,0.028473804,Lib Dem
E14000831,Newcastle upon Tyne Central,0.218200621,0.420889349,0.139607032,0.063081696,0.132368149,NA,0.025853154,Lab
E14000832,Newcastle upon Tyne East,0.197327852,0.420349435,0.196300103,0.065775951,0.094552929,NA,0.025693731,Lab
E14000833,Newcastle upon Tyne North,0.285598047,0.318144833,0.157038243,0.04719284,0.171684296,NA,0.020341741,Lab
E14000834,Newcastle-under-Lyme,0.390946502,0.265432099,0.127572017,0.067901235,0.122427984,NA,0.025720165,Lab
E14000835,Newton Abbot,0.376138434,0.122040073,0.306010929,0.046448087,0.126593807,NA,0.02276867,Lib Dem
E14000836,"Normanton, Pontefract and Castleford",0.262080262,0.32022932,0.13022113,0.04995905,0.217035217,NA,0.02047502,Lab
E14000837,North Cornwall,0.400822199,0.08016444,0.324768756,0.039054471,0.129496403,NA,0.025693731,Lib Dem
E14000838,North Devon,0.358455882,0.09375,0.340073529,0.045955882,0.138786765,NA,0.022977941,Lib Dem
E14000839,North Dorset,0.433295325,0.10604333,0.249714937,0.051311288,0.131128848,NA,0.028506271,Lib Dem
E14000840,North Durham,0.247926267,0.341935484,0.135483871,0.052534562,0.199078341,NA,0.023041475,Lab
E14000841,North East Bedfordshire,0.432155074,0.163055872,0.189281642,0.051311288,0.135689852,NA,0.028506271,Lib Dem
E14000842,North East Cambridgeshire,0.479395604,0.131868132,0.142857143,0.052197802,0.159340659,NA,0.034340659,Lib Dem
E14000843,North East Derbyshire,0.386199794,0.242018538,0.159629248,0.047373841,0.139031926,NA,0.025746653,Lab
E14000844,North East Hampshire,0.447219069,0.097616345,0.274687855,0.053348468,0.098751419,NA,0.028376844,Lib Dem
E14000845,North East Hertfordshire,0.447098976,0.160409556,0.19112628,0.07963595,0.093287827,NA,0.028441411,Lib Dem
E14000846,North East Somerset,0.413333333,0.176410256,0.232820513,0.067692308,0.084102564,NA,0.025641026,Lib Dem
E14000847,North Herefordshire,0.431171786,0.104664391,0.20705347,0.072810011,0.155858931,NA,0.028441411,Lib Dem
E14000848,North Norfolk,0.302658487,0.066462168,0.393660532,0.042944785,0.168711656,NA,0.025562372,Lib Dem
E14000849,North Shropshire,0.423863636,0.181818182,0.161363636,0.051136364,0.153409091,NA,0.028409091,Lab
E14000850,North Somerset,0.386929461,0.153526971,0.267634855,0.052904564,0.113070539,NA,0.02593361,Lib Dem
E14000851,North Swindon,0.406411582,0.225439504,0.166494312,0.050672182,0.125129266,NA,0.025853154,Lab
E14000852,North Thanet,0.428082192,0.207762557,0.123287671,0.071917808,0.140410959,NA,0.028538813,Lab
E14000853,North Tyneside,0.259793814,0.405154639,0.111340206,0.048453608,0.149484536,NA,0.025773196,Lab
E14000854,North Warwickshire,0.413402062,0.202061856,0.122680412,0.057731959,0.178350516,NA,0.025773196,Lab
E14000855,North West Cambridgeshire,0.386831276,0.159465021,0.20781893,0.056584362,0.163580247,NA,0.025720165,Lib Dem
E14000856,North West Durham,0.281451613,0.308064516,0.164516129,0.058064516,0.167741936,NA,0.02016129,Lab
E14000857,North West Hampshire,0.449258837,0.124287343,0.215507412,0.051311288,0.131128848,NA,0.028506271,Lib Dem
E14000858,North West Leicestershire,0.446347032,0.19977169,0.163242009,0.054794521,0.107305936,NA,0.028538813,Lab
E14000859,North West Norfolk,0.431844215,0.194730813,0.130584192,0.04696449,0.167239404,NA,0.028636884,Lab
E14000860,North Wiltshire,0.427758817,0.097838453,0.271899886,0.050056883,0.124004551,NA,0.028441411,Lib Dem
E14000861,Northampton North,0.363468635,0.266605166,0.125461255,0.070110701,0.151291513,NA,0.023062731,Lab
E14000862,Northampton South,0.390495868,0.244834711,0.113636364,0.090909091,0.134297521,NA,0.025826446,Lab
E14000863,Norwich North,0.373052246,0.274060495,0.137488543,0.058661778,0.133822182,NA,0.022914757,Lab
E14000864,Norwich South,0.259799453,0.363719234,0.172288058,0.095715588,0.085688241,NA,0.022789426,Lab
E14000865,Nottingham East,0.190585534,0.447761194,0.14695752,0.082663605,0.103329506,NA,0.028702641,Lab
E14000866,Nottingham North,0.247916667,0.410416667,0.082291667,0.058333333,0.175,NA,0.026041667,Lab
E14000867,Nottingham South,0.255514706,0.374080882,0.143382353,0.102941177,0.101102941,NA,0.022977941,Lab
E14000868,Nuneaton,0.418918919,0.243243243,0.107068607,0.06964657,0.135135135,NA,0.025987526,Lab
E14000869,Old Bexley and Sidcup,0.41563786,0.158436214,0.157407407,0.051440329,0.191358025,NA,0.025720165,Lab
E14000870,Oldham East and Saddleworth,0.308118081,0.337638376,0.11900369,0.04797048,0.164206642,NA,0.023062731,Lab
E14000871,Oldham West and Royton,0.218068536,0.396677051,0.113187954,0.067497404,0.178608515,NA,0.02596054,Lab
E14000872,Orpington,0.464772727,0.134090909,0.181818182,0.057954545,0.132954546,NA,0.028409091,Lib Dem
E14000873,Oxford East,0.186642269,0.374199451,0.210430009,0.140896615,0.064958829,NA,0.022872827,Lab
E14000874,Oxford West and Abingdon,0.306469921,0.074914869,0.442678774,0.066969353,0.080590238,NA,0.028376844,Lib Dem
E14000875,Pendle,0.350230415,0.310599078,0.117050691,0.036866359,0.162211982,NA,0.023041475,Lab
E14000876,Penistone and Stocksbridge,0.362465501,0.241030359,0.157313708,0.058877645,0.157313708,NA,0.02299908,Lab
E14000877,Penrith and The Border,0.443686007,0.138794084,0.187713311,0.067121729,0.134243459,NA,0.028441411,Lib Dem
E14000878,Peterborough,0.342465753,0.280365297,0.134246575,0.060273973,0.159817352,NA,0.02283105,Lab
E14000879,"Plymouth, Moor View",0.404145078,0.232124352,0.14507772,0.047668394,0.14507772,NA,0.025906736,Lab
E14000880,"Plymouth, Sutton and Devonport",0.325262308,0.312348668,0.143664245,0.083131558,0.115415658,NA,0.020177563,Lab
E14000881,Poole,0.418219462,0.161490683,0.200828157,0.061076605,0.132505176,NA,0.025879917,Lib Dem
E14000882,Poplar and Limehouse,0.197710718,0.404786681,0.233090531,0.065556712,0.072840791,NA,0.026014568,Lab
E14000883,Portsmouth North,0.409044193,0.18705036,0.169578623,0.054470709,0.154162384,NA,0.025693731,Lab
E14000884,Portsmouth South,0.301446945,0.246784566,0.216237942,0.095659164,0.11977492,NA,0.020096463,Lab
E14000885,Preston,0.222477064,0.447247706,0.100917431,0.073394495,0.127293578,NA,0.028669725,Lab
E14000886,Pudsey,0.359705612,0.256669733,0.205151794,0.057037718,0.098436063,NA,0.02299908,Lab
E14000887,Putney,0.351277372,0.22080292,0.27189781,0.086678832,0.046532847,NA,0.022810219,Lib Dem
E14000888,Rayleigh and Wickford,0.485714286,0.126530612,0.149659864,0.047619048,0.156462585,NA,0.034013605,Lib Dem
E14000889,Reading East,0.326953748,0.282296651,0.223285486,0.080542265,0.066985646,NA,0.019936204,Lab
E14000890,Reading West,0.371115174,0.244972578,0.192870201,0.07678245,0.091407678,NA,0.02285192,Lab
E14000891,Redcar,0.280847146,0.348987109,0.109576427,0.046040516,0.191528545,NA,0.023020258,Lab
E14000892,Redditch,0.39978903,0.20886076,0.114978903,0.075949367,0.174050633,NA,0.026371308,Lab
E14000893,Reigate,0.408811475,0.12192623,0.276639344,0.073770492,0.093237705,NA,0.025614754,Lib Dem
E14000894,Ribble Valley,0.391794872,0.205128205,0.164102564,0.056410256,0.156923077,NA,0.025641026,Lab
E14000895,Richmond (Yorks),0.435428571,0.129142857,0.192,0.085714286,0.129142857,NA,0.028571429,Lib Dem
E14000896,Richmond Park,0.332421341,0.064295486,0.488372093,0.036935705,0.053351573,NA,0.024623803,Lib Dem
E14000897,Rochdale,0.225337487,0.400830737,0.138110073,0.053997923,0.15576324,NA,0.02596054,Lab
E14000898,Rochester and Strood,0.408668731,0.21878225,0.140350877,0.061919505,0.144478844,NA,0.025799794,Lab
E14000899,Rochford and Southend East,0.397703549,0.240083507,0.150313152,0.053235908,0.13256785,NA,0.026096033,Lab
E14000900,Romford,0.455899198,0.179839633,0.116838488,0.053837343,0.164948454,NA,0.028636884,Lab
E14000901,Romsey and Southampton North,0.417008197,0.108606557,0.299180328,0.058401639,0.091188525,NA,0.025614754,Lib Dem
E14000902,Rossendale and Darwen,0.380020597,0.255406797,0.140061792,0.067971164,0.130792997,NA,0.025746653,Lab
E14000903,Rother Valley,0.330097087,0.24433657,0.148867314,0.055825243,0.200647249,NA,0.020226537,Lab
E14000904,Rotherham,0.232098765,0.327572017,0.115226337,0.051851852,0.252674897,NA,0.020576132,Lab
E14000905,Rugby,0.381930185,0.211498973,0.163244353,0.071868583,0.145790554,NA,0.025667351,Lab
E14000906,"Ruislip, Northwood and Pinner",0.410860656,0.171106557,0.216188525,0.057377049,0.118852459,NA,0.025614754,Lib Dem
E14000908,Rushcliffe,0.350091408,0.193784278,0.258683729,0.065813528,0.108775137,NA,0.02285192,Lib Dem
E14000909,Rutland and Melton,0.480874317,0.1215847,0.18989071,0.06557377,0.107923497,NA,0.034153005,Lib Dem
E14000910,Saffron Walden,0.386666667,0.10974359,0.244102564,0.064615385,0.169230769,NA,0.025641026,Lib Dem
E14000911,Salford and Eccles,0.247401247,0.424116424,0.096673597,0.084199584,0.121621622,NA,0.025987526,Lab
E14000912,Salisbury,0.39979445,0.137718397,0.250770812,0.057553957,0.128468654,NA,0.025693731,Lib Dem
E14000913,Scarborough and Whitby,0.360110803,0.228993537,0.113573407,0.082179132,0.192059095,NA,0.023084026,Lab
E14000914,Scunthorpe,0.356215213,0.30890538,0.077922078,0.060296846,0.173469388,NA,0.023191095,Lab
E14000915,Sedgefield,0.341306348,0.308187673,0.121435143,0.046918123,0.159153634,NA,0.02299908,Lab
E14000916,Sefton Central,0.253838281,0.389969294,0.170931423,0.057318321,0.102354145,NA,0.025588536,Lab
E14000917,Selby and Ainsty,0.423432682,0.188078109,0.174717369,0.054470709,0.1336074,NA,0.025693731,Lab
E14000918,Sevenoaks,0.422564103,0.123076923,0.202051282,0.071794872,0.154871795,NA,0.025641026,Lib Dem
E14000919,Sheffield Central,0.15376677,0.401444788,0.2249742,0.116615067,0.077399381,NA,0.025799794,Lab
E14000920,Sheffield South East,0.25346901,0.335800185,0.140610546,0.058279371,0.188714154,NA,0.023126735,Lab
E14000921,"Sheffield, Brightside and Hillsborough",0.197905759,0.411518325,0.107853403,0.07434555,0.182198953,NA,0.02617801,Lab
E14000922,"Sheffield, Hallam",0.206543967,0.191206544,0.394683027,0.096114519,0.085889571,NA,0.025562372,Lib Dem
E14000923,"Sheffield, Heeley",0.254847645,0.350877193,0.162511542,0.0710988,0.137580794,NA,0.023084026,Lab
E14000924,Sherwood,0.426773455,0.251716247,0.110983982,0.052631579,0.129290618,NA,0.028604119,Lab
E14000925,Shipley,0.392967942,0.244053775,0.183040331,0.047569804,0.106514995,NA,0.025853154,Lab
E14000926,Shrewsbury and Atcham,0.366300366,0.208791209,0.205128205,0.057692308,0.139194139,NA,0.022893773,Lab
E14000927,Sittingbourne and Sheppey,0.390804598,0.182863114,0.146290491,0.062695925,0.191222571,NA,0.026123302,Lab
E14000928,Skipton and Ripon,0.439497717,0.132420091,0.188356164,0.092465753,0.118721461,NA,0.028538813,Lib Dem
E14000929,Sleaford and North Hykeham,0.448394495,0.145642202,0.176605505,0.058486239,0.142201835,NA,0.028669725,Lib Dem
E14000930,Slough,0.250919118,0.375919118,0.148897059,0.070772059,0.130514706,NA,0.022977941,Lab
E14000931,Solihull,0.45890411,0.141552511,0.211187215,0.063926941,0.095890411,NA,0.028538813,Lib Dem
E14000932,Somerton and Frome,0.404517454,0.105749487,0.284394251,0.065708419,0.113963039,NA,0.025667351,Lib Dem
E14000933,South Basildon and East Thurrock,0.388601036,0.194818653,0.10880829,0.061139896,0.220725389,NA,0.025906736,Lab
E14000934,South Cambridgeshire,0.375227687,0.142076503,0.312386157,0.075591985,0.071948998,NA,0.02276867,Lib Dem
E14000935,South Derbyshire,0.473019518,0.20206659,0.132032147,0.048220436,0.115958668,NA,0.028702641,Lab
E14000936,South Dorset,0.399383984,0.194045175,0.169404518,0.063655031,0.147843943,NA,0.025667351,Lab
E14000937,South East Cambridgeshire,0.371011851,0.155879672,0.287146764,0.061075661,0.102096627,NA,0.022789426,Lib Dem
E14000938,South East Cornwall,0.383196721,0.132172131,0.260245902,0.049180328,0.149590164,NA,0.025614754,Lib Dem
E14000939,South Holland and The Deepings,0.477961433,0.122589532,0.129476584,0.050964187,0.184573003,NA,0.034435262,Lib Dem
E14000940,South Leicestershire,0.470114943,0.152873563,0.177011494,0.051724138,0.11954023,NA,0.028735632,Lib Dem
E14000941,South Norfolk,0.402862986,0.152351738,0.218813906,0.076687117,0.123721881,NA,0.025562372,Lib Dem
E14000942,South Northamptonshire,0.444318182,0.128409091,0.220454546,0.05,0.128409091,NA,0.028409091,Lib Dem
E14000943,South Ribble,0.416238438,0.219938335,0.16032888,0.057553957,0.12024666,NA,0.025693731,Lab
E14000944,South Shields,0.226141079,0.387966805,0.118257261,0.057053942,0.184647303,NA,0.02593361,Lab
E14000945,South Staffordshire,0.518367347,0.134693878,0.11292517,0.073469388,0.126530612,NA,0.034013605,Lab
E14000946,South Suffolk,0.4218107,0.153292181,0.20473251,0.061728395,0.132716049,NA,0.025720165,Lib Dem
E14000947,South Swindon,0.367309458,0.269972452,0.189164371,0.04775023,0.102846648,NA,0.022956841,Lab
E14000948,South Thanet,0.35483871,0.213824885,0.135483871,0.074654378,0.198156682,NA,0.023041475,Lab
E14000949,South West Bedfordshire,0.405960946,0.188078109,0.198355601,0.057553957,0.124357657,NA,0.025693731,Lib Dem
E14000950,South West Devon,0.438636364,0.173863636,0.180681818,0.05,0.128409091,NA,0.028409091,Lib Dem
E14000952,South West Norfolk,0.48696845,0.153635117,0.130315501,0.04526749,0.14951989,NA,0.034293553,Lab
E14000953,South West Surrey,0.424468085,0.078723404,0.306382979,0.059574468,0.104255319,NA,0.026595745,Lib Dem
E14000954,South West Wiltshire,0.454753723,0.150057274,0.199312715,0.054982818,0.112256587,NA,0.028636884,Lib Dem
E14000955,"Southampton, Itchen",0.350553506,0.269372694,0.128228782,0.085793358,0.14298893,NA,0.023062731,Lab
E14000956,"Southampton, Test",0.272309108,0.367065317,0.159153634,0.073597056,0.104875805,NA,0.02299908,Lab
E14000957,Southend West,0.425619835,0.188016529,0.178719008,0.059917355,0.121900826,NA,0.025826446,Lab
E14000958,Southport,0.288338658,0.206070288,0.274760383,0.075079872,0.135782748,NA,0.019968051,Lib Dem
E14000959,Spelthorne,0.401025641,0.151794872,0.207179487,0.059487179,0.154871795,NA,0.025641026,Lib Dem
E14000960,St Albans,0.312563841,0.121552605,0.409601634,0.055158325,0.075587334,NA,0.025536261,Lib Dem
E14000961,St Austell and Newquay,0.357404022,0.168190128,0.221206581,0.046617916,0.183729433,NA,0.02285192,Lib Dem
E14000962,St Helens North,0.248197734,0.407826983,0.107106076,0.057672503,0.153450052,NA,0.025746653,Lab
E14000963,St Helens South and Whiston,0.230769231,0.455797933,0.11021814,0.059701493,0.114810563,NA,0.028702641,Lab
E14000964,St Ives,0.331622177,0.092402464,0.382956879,0.042094456,0.125256674,NA,0.025667351,Lib Dem
E14000965,Stafford,0.431972789,0.227891157,0.142857143,0.063492063,0.105442177,NA,0.028344671,Lab
E14000966,Staffordshire Moorlands,0.455899198,0.175257732,0.145475372,0.065292096,0.129438717,NA,0.028636884,Lab
E14000967,Stalybridge and Hyde,0.33226066,0.328238134,0.143201931,0.049074819,0.127111826,NA,0.020112631,Lab
E14000968,Stevenage,0.337294333,0.26142596,0.190127971,0.054844607,0.13345521,NA,0.02285192,Lab
E14000969,Stockport,0.246391753,0.387628866,0.167010309,0.057731959,0.115463918,NA,0.025773196,Lab
E14000970,Stockton North,0.309203723,0.387797311,0.080661841,0.045501551,0.15098242,NA,0.025853154,Lab
E14000971,Stockton South,0.356164384,0.283105023,0.119634703,0.056621005,0.161643836,NA,0.02283105,Lab
E14000972,Stoke-on-Trent Central,0.318993507,0.305194805,0.096590909,0.080357143,0.178571429,NA,0.020292208,Lab
E14000973,Stoke-on-Trent North,0.352398524,0.304428044,0.080258303,0.0599631,0.179889299,NA,0.023062731,Lab
E14000974,Stoke-on-Trent South,0.378600823,0.264403292,0.092592593,0.08127572,0.157407407,NA,0.025720165,Lab
E14000975,Stone,0.452272727,0.147727273,0.175,0.063636364,0.132954546,NA,0.028409091,Lib Dem
E14000976,Stourbridge,0.423395445,0.224637681,0.115942029,0.063146998,0.14699793,NA,0.025879917,Lab
E14000977,Stratford-on-Avon,0.455681818,0.117045455,0.232954546,0.054545455,0.111363636,NA,0.028409091,Lib Dem
E14000978,Streatham,0.194318182,0.443181818,0.229545455,0.069318182,0.035227273,NA,0.028409091,Lab
E14000979,Stretford and Urmston,0.227835052,0.41443299,0.144329897,0.069072165,0.118556701,NA,0.025773196,Lab
E14000980,Stroud,0.350364964,0.266423358,0.195255475,0.056569343,0.108576642,NA,0.022810219,Lab
E14000981,Suffolk Coastal,0.417095778,0.160659114,0.198764161,0.071060762,0.126673532,NA,0.025746653,Lib Dem
E14000982,Sunderland Central,0.294165316,0.325769854,0.112641815,0.059967585,0.18719611,NA,0.020259319,Lab
E14000983,Surrey Heath,0.413510747,0.106448311,0.262026612,0.06345957,0.128966223,NA,0.025588536,Lib Dem
E14000984,Sutton and Cheam,0.435227273,0.117045455,0.292045455,0.042045455,0.085227273,NA,0.028409091,Lib Dem
E14000985,Sutton Coldfield,0.45267959,0.168757127,0.185860889,0.063854048,0.100342075,NA,0.028506271,Lib Dem
E14000986,Tamworth,0.472752044,0.196185286,0.117166213,0.040871935,0.138964578,NA,0.034059946,Lab
E14000987,Tatton,0.406988695,0.167523124,0.231243577,0.062692703,0.105858171,NA,0.025693731,Lib Dem
E14000988,Taunton Deane,0.390092879,0.090815273,0.318885449,0.050567595,0.123839009,NA,0.025799794,Lib Dem
E14000989,Telford,0.378830084,0.285051068,0.119777159,0.065923863,0.1272052,NA,0.023212628,Lab
E14000990,Tewkesbury,0.397119342,0.125514403,0.236625514,0.063786008,0.151234568,NA,0.025720165,Lib Dem
E14000991,The Cotswolds,0.417435897,0.107692308,0.295384615,0.054358974,0.099487179,NA,0.025641026,Lib Dem
E14000992,The Wrekin,0.363051471,0.175551471,0.176470588,0.063419118,0.198529412,NA,0.022977941,Lib Dem
E14000993,Thirsk and Malton,0.459862385,0.129587156,0.205275229,0.06766055,0.108944954,NA,0.028669725,Lib Dem
E14000994,Thornbury and Yate,0.381930185,0.080082136,0.345995893,0.051334702,0.114989733,NA,0.025667351,Lib Dem
E14000995,Thurrock,0.333607231,0.255546426,0.112571898,0.052588332,0.225143796,NA,0.020542317,Lab
E14000996,Tiverton and Honiton,0.413580247,0.155349794,0.193415638,0.060699588,0.151234568,NA,0.025720165,Lib Dem
E14000997,Tonbridge and Malling,0.456200228,0.12741752,0.200227531,0.076222981,0.11149033,NA,0.028441411,Lib Dem
E14000998,Tooting,0.254329991,0.340018232,0.247037375,0.082041933,0.053783045,NA,0.022789426,Lab
E14000999,Torbay,0.356553621,0.13015582,0.25939505,0.053162236,0.177818515,NA,0.022914757,Lib Dem
E14001000,Torridge and West Devon,0.403092784,0.127835052,0.251546392,0.049484536,0.142268041,NA,0.025773196,Lib Dem
E14001001,Totnes,0.389344262,0.146516393,0.262295082,0.057377049,0.118852459,NA,0.025614754,Lib Dem
E14001002,Tottenham,0.140518418,0.551159618,0.17462483,0.058663029,0.040927694,NA,0.034106412,Lab
E14001003,Truro and Falmouth,0.354927007,0.210766423,0.255474453,0.063868613,0.092153285,NA,0.022810219,Lib Dem
E14001004,Tunbridge Wells,0.416837782,0.148870637,0.243326489,0.065708419,0.099589322,NA,0.025667351,Lib Dem
E14001005,Twickenham,0.294520548,0.063013699,0.512328767,0.046575342,0.05890411,NA,0.024657534,Lib Dem
E14001006,Tynemouth,0.281910009,0.333333333,0.165289256,0.05785124,0.138659321,NA,0.022956841,Lab
E14001007,Uxbridge and South Ruislip,0.40061792,0.231719876,0.15653965,0.049433574,0.135942328,NA,0.025746653,Lab
E14001008,Vauxhall,0.211397059,0.363970588,0.290441177,0.071691176,0.039522059,NA,0.022977941,Lab
E14001009,Wakefield,0.345050879,0.29787234,0.118408881,0.042553191,0.172987974,NA,0.023126735,Lab
E14001010,Wallasey,0.221461187,0.438356164,0.130136986,0.055936073,0.125570776,NA,0.028538813,Lab
E14001011,Walsall North,0.355226642,0.295097132,0.065679926,0.042553191,0.218316374,NA,0.023126735,Lab
E14001012,Walsall South,0.308247423,0.38556701,0.079381443,0.056701031,0.144329897,NA,0.025773196,Lab
E14001013,Walthamstow,0.145380435,0.504076087,0.173913044,0.065217391,0.077445652,NA,0.033967391,Lab
E14001014,Wansbeck,0.247479377,0.35472044,0.153070578,0.053162236,0.168652612,NA,0.022914757,Lab
E14001015,Wantage,0.385875128,0.151484135,0.285568066,0.055271238,0.096212897,NA,0.025588536,Lib Dem
E14001016,Warley,0.225433526,0.453179191,0.083236994,0.05433526,0.154913295,NA,0.028901734,Lab
E14001017,Warrington North,0.295142072,0.347387718,0.122823098,0.071494042,0.140238314,NA,0.022914757,Lab
E14001018,Warrington South,0.3208,0.2848,0.18,0.0584,0.136,NA,0.02,Lab
E14001019,Warwick and Leamington,0.34121929,0.243858053,0.222020018,0.090991811,0.079162875,NA,0.022747953,Lab
E14001020,Washington and Sunderland West,0.269694161,0.352177943,0.139017609,0.043558851,0.172381835,NA,0.023169601,Lab
E14001021,Watford,0.336996337,0.222527473,0.22985348,0.075091575,0.112637363,NA,0.022893773,Lib Dem
E14001022,Waveney,0.396462019,0.204994797,0.166493236,0.067637877,0.138397503,NA,0.026014568,Lab
E14001023,Wealden,0.422902494,0.103174603,0.227891157,0.081632653,0.136054422,NA,0.028344671,Lib Dem
E14001024,Weaver Vale,0.35577798,0.331210191,0.123748863,0.065514104,0.10100091,NA,0.022747953,Lab
E14001025,Wellingborough,0.426059979,0.215098242,0.140641158,0.042399173,0.149948294,NA,0.025853154,Lab
E14001026,Wells,0.389117043,0.088295688,0.341889117,0.040041068,0.114989733,NA,0.025667351,Lib Dem
E14001027,Welwyn Hatfield,0.358318099,0.221206581,0.200182815,0.067641682,0.129798903,NA,0.02285192,Lab
E14001028,Wentworth and Dearne,0.260299626,0.36423221,0.110486891,0.053370787,0.188202247,NA,0.02340824,Lab
E14001029,West Bromwich East,0.297574627,0.345149254,0.105410448,0.049440299,0.179104478,NA,0.023320896,Lab
E14001030,West Bromwich West,0.317173377,0.335250616,0.075595727,0.046836483,0.204601479,NA,0.020542317,Lab
E14001031,West Dorset,0.41948718,0.101538462,0.292307692,0.061538462,0.099487179,NA,0.025641026,Lib Dem
E14001032,West Ham,0.164835165,0.509615385,0.115384615,0.06043956,0.115384615,NA,0.034340659,Lab
E14001033,West Lancashire,0.305641026,0.380512821,0.10974359,0.056410256,0.122051282,NA,0.025641026,Lab
E14001034,West Suffolk,0.452546296,0.165509259,0.143518519,0.070601852,0.138888889,NA,0.028935185,Lab
E14001035,West Worcestershire,0.462414579,0.120728929,0.218678816,0.075170843,0.09453303,NA,0.028473804,Lib Dem
E14001036,Westminster North,0.290942361,0.356816103,0.212259835,0.06221409,0.054894785,NA,0.022872827,Lab
E14001037,Westmorland and Lonsdale,0.348314607,0.065372829,0.42185904,0.049029622,0.08988764,NA,0.025536261,Lib Dem
E14001038,Weston-Super-Mare,0.38208033,0.173017508,0.234809475,0.053553038,0.130792997,NA,0.025746653,Lib Dem
E14001039,Wigan,0.258031088,0.398963731,0.102590674,0.050777202,0.16373057,NA,0.025906736,Lab
E14001040,Wimbledon,0.358834244,0.211293261,0.295081967,0.061930783,0.050091075,NA,0.02276867,Lib Dem
E14001041,Winchester,0.389570552,0.072597137,0.393660532,0.053169734,0.065439673,NA,0.025562372,Lib Dem
E14001042,Windsor,0.431972789,0.117913832,0.266439909,0.06122449,0.094104308,NA,0.028344671,Lib Dem
E14001043,Wirral South,0.309024613,0.345487694,0.176845944,0.061075661,0.084776664,NA,0.022789426,Lab
E14001044,Wirral West,0.343039127,0.324840764,0.171064604,0.04822566,0.090081893,NA,0.022747953,Lab
E14001045,Witham,0.433940775,0.137813212,0.185649203,0.074031891,0.140091116,NA,0.028473804,Lib Dem
E14001046,Witney,0.406762295,0.111680328,0.274590164,0.070696721,0.110655738,NA,0.025614754,Lib Dem
E14001047,Woking,0.398974359,0.132307692,0.293333333,0.056410256,0.093333333,NA,0.025641026,Lib Dem
E14001048,Wokingham,0.402251791,0.131013306,0.287615148,0.069600819,0.083930399,NA,0.025588536,Lib Dem
E14001049,Wolverhampton North East,0.328096118,0.342883549,0.082255083,0.050831793,0.172828096,NA,0.02310536,Lab
E14001050,Wolverhampton South East,0.291099476,0.393717278,0.059685864,0.041884817,0.187434555,NA,0.02617801,Lab
E14001051,Wolverhampton South West,0.340366973,0.294495413,0.117431193,0.090825688,0.133944954,NA,0.02293578,Lab
E14001052,Worcester,0.392746114,0.260103627,0.14507772,0.064248705,0.111917098,NA,0.025906736,Lab
E14001053,Workington,0.334558824,0.307904412,0.117647059,0.038602941,0.178308824,NA,0.022977941,Lab
E14001054,Worsley and Eccles South,0.311294766,0.346189164,0.112947658,0.06795225,0.138659321,NA,0.022956841,Lab
E14001055,Worthing West,0.428246014,0.160592255,0.216400911,0.062642369,0.103644647,NA,0.028473804,Lib Dem
E14001056,Wycombe,0.368469294,0.22456462,0.206232814,0.06416132,0.113657195,NA,0.022914757,Lab
E14001057,Wyre and Preston North,0.447219069,0.187287174,0.174801362,0.05107832,0.11123723,NA,0.028376844,Lab
E14001058,Wyre Forest,0.428243398,0.197474168,0.127439725,0.063145809,0.15499426,NA,0.028702641,Lab
E14001059,Wythenshawe and Sale East,0.231958763,0.407216495,0.154639175,0.057731959,0.122680412,NA,0.025773196,Lab
E14001060,Yeovil,0.411157025,0.089876033,0.294421488,0.037190083,0.141528926,NA,0.025826446,Lib Dem
E14001061,York Central,0.258241758,0.368131868,0.201465202,0.073260073,0.076007326,NA,0.022893773,Lab
E14001062,York Outer,0.384458078,0.165644172,0.266871166,0.069529652,0.08793456,NA,0.025562372,Lib Dem
W07000041,Ynys Mn,0.228538283,0.224477958,0.120649652,0.052784223,0.136890951,0.222737819,0.013921114,Lab
W07000042,Delyn,0.342201835,0.263302752,0.114678899,0.040366972,0.118348624,0.099082569,0.022018349,Lab
W07000043,Alyn and Deeside,0.316895715,0.274858529,0.124494745,0.041228779,0.139854487,0.083265966,0.019401779,Lab
W07000044,Wrexham,0.331719128,0.266343826,0.128329298,0.03551251,0.137207425,0.081517353,0.01937046,Lab
W07000045,Llanelli,0.202637058,0.286606523,0.091603053,0.042331714,0.170714781,0.18945177,0.016655101,Lab
W07000046,Gower,0.322916667,0.243589744,0.170673077,0.051282051,0.106570513,0.085737179,0.019230769,Lab
W07000047,Swansea West,0.248192771,0.318072289,0.173493976,0.059437751,0.094779116,0.086746988,0.019277108,Lab
W07000048,Swansea East,0.215668203,0.337327189,0.117050691,0.051612903,0.161290323,0.094930876,0.022119816,Lab
W07000049,Aberavon,0.200185357,0.358665431,0.094531974,0.037071362,0.16218721,0.125115848,0.022242817,Lab
W07000050,Cardiff Central,0.180722892,0.305220884,0.274698795,0.06746988,0.053815261,0.098795181,0.019277108,Lab
W07000051,Cardiff North,0.324193548,0.229032258,0.204032258,0.054032258,0.073387097,0.106451613,0.008870968,Lab
W07000052,Rhondda,0.136744186,0.344186047,0.081860465,0.040930233,0.167441861,0.206511628,0.022325581,Lab
W07000053,Torfaen,0.226645004,0.292445167,0.132412673,0.047116166,0.197400487,0.084484159,0.019496344,Lab
W07000054,Monmouth,0.401025641,0.187692308,0.186666667,0.052307692,0.096410256,0.051282051,0.024615385,Lab
W07000055,Newport East,0.290008124,0.296506905,0.111291633,0.038992689,0.135662063,0.108042242,0.019496344,Lab
W07000056,Newport West,0.303225807,0.279032258,0.143548387,0.045967742,0.118548387,0.090322581,0.019354839,Lab
W07000057,Arfon,0.15995397,0.18296893,0.075949367,0.060989643,0.060989643,0.431530495,0.027617952,Plaid
W07000058,Aberconwy,0.308988764,0.221508828,0.182985554,0.048956661,0.111556982,0.106741573,0.019261637,Lab
W07000059,Clwyd West,0.361213235,0.219669118,0.147058824,0.040441176,0.104779412,0.104779412,0.022058824,Lab
W07000060,Vale of Clwyd,0.315156375,0.266238974,0.140336808,0.044907779,0.139534884,0.07457899,0.019246191,Lab
W07000061,Dwyfor Meirionnydd,0.256493507,0.116883117,0.076298701,0.078733766,0.125,0.32711039,0.019480519,Plaid
W07000062,Clwyd South,0.313821138,0.281300813,0.12195122,0.038211382,0.129268293,0.095934959,0.019512195,Lab
W07000063,Montgomeryshire,0.375,0.088235294,0.265625,0.048713235,0.127757353,0.072610294,0.022058824,Lib Dem
W07000064,Ceredigion,0.179186768,0.106822881,0.271536871,0.05720193,0.108201241,0.260509993,0.016540317,Plaid
W07000065,Preseli Pembrokeshire,0.335793358,0.223247233,0.137453875,0.039667897,0.126383764,0.115313653,0.022140221,Lab
W07000066,Carmarthen West and South Pembrokeshire,0.339761249,0.18640955,0.164370983,0.046831956,0.127640037,0.112947658,0.022038567,Lab
W07000067,Carmarthen East and Dinefwr,0.234860884,0.160392799,0.064648118,0.062193126,0.140752864,0.317512275,0.019639935,Plaid
W07000068,Brecon and Radnorshire,0.37694419,0.093321134,0.300091491,0.041171089,0.108874657,0.057639524,0.021957914,Lib Dem
W07000069,Neath,0.186705202,0.235260116,0.126011561,0.069364162,0.168208093,0.200578035,0.013872832,Lab
W07000070,Cynon Valley,0.191714054,0.32981316,0.091795288,0.047928513,0.155970756,0.163281885,0.019496344,Lab
W07000071,Merthyr Tydfil and Rhymney,0.172054223,0.409801877,0.096976017,0.042752868,0.150156413,0.103232534,0.025026069,Lab
W07000072,Blaenau Gwent,0.179719703,0.338004946,0.084089035,0.036273702,0.169002473,0.173124485,0.019785655,Lab
W07000073,Bridgend,0.283623693,0.269686411,0.124738676,0.041114983,0.135888502,0.128222997,0.016724739,Lab
W07000074,Ogmore,0.218211649,0.320754717,0.118949959,0.051681706,0.151763741,0.118949959,0.019688269,Lab
W07000075,Pontypridd,0.22037422,0.268884269,0.148995149,0.051282051,0.131670132,0.162162162,0.016632017,Lab
W07000076,Caerphilly,0.222689076,0.287815126,0.130252101,0.054621849,0.143557423,0.144257703,0.016806723,Lab
W07000077,Islwyn,0.240392478,0.327064595,0.134096484,0.039247751,0.154538021,0.085036795,0.019623876,Lab
W07000078,Vale of Glamorgan,0.335786569,0.244710212,0.139834407,0.044158234,0.114075437,0.099356026,0.022079117,Lab
W07000079,Cardiff West,0.24137931,0.28137931,0.132413793,0.057241379,0.1,0.171034483,0.016551724,Lab
W07000080,Cardiff South and Penarth,0.245179063,0.339761249,0.143250689,0.050505051,0.092745638,0.106519743,0.022038567,Lab